{
    "trip(FrontendOnly)":  { 
      "startDate": "2025/10/15",
      "endDate": "2025/10/17",
      "guests": {
        "adults": 2,
        "kids": 1
      },
      "loc": {
        "country": "Portugal",
        "countryCode": "PT",
        "address": "Porto, Portugal",
        "lat": -8.61308,
        "lng": 41.1413
      }
    },
    "stay": [
    {
        "_id": "10006546",
        "name": "House Of Uncle My",
        "imgUrls": ["1.1","1.2a","1.2b","1.2c","1.2d"],
        "price": 80.00,
        "summary": "Fantastic duplex apartment with three bedrooms, located in the historic area of Porto, Ribeira (Cube)...",
        "capacity": 8,
        "favorites":[{"userId":"10006546"}],
        "amenities": [
          "TV",
          "Wifi",
          "Air-conditioning",
          "Smoking allowed",
          "Pets allowed",
          "Cooking basics"
        ],
        "host": {
          "_id": "u101",
          "fullname": "Mor Levi",
          "imgUrl": "https://randomuser.me/api/portraits/men/4.jpg"
        },
        "loc": {
          "country": "France",
          "countryCode": "PT",
          "address": "Paris, France",
          "lat": -8.61308,
          "lng": 41.1413
        },
        "reviews": [
          {
          "id": "qwer124",
          "txt": "Great apartment, amazing view and amnesties",
          "avgRate": 4.9,
          "category":{
              "Cleanliness":4.9,
              "Accuracy":4.9,
              "Communication":4.9,
              "Location":4.9,
              "Check-in":4.9,
              "accessibility":4.9 
          },
          "by": {
            "_id": "AbFa9",
            "fullname": "Ben Josh",
            "imgUrl": "https://randomuser.me/api/portraits/men/2.jpg"
          }
          },
          {
            "id": "qwer124",
            "txt": "Had a good time...",
            "avgRate": 4.5,
            "category":{
                "Cleanliness":5.0,
                "Accuracy":5.0,
                "Communication":5.0,
                "Location":4.0,
                "Check-in":4.0,
                "accessibility":4.0 
            },
            "by": {
              "_id": "LxlRQ",
              "fullname": "Ream Lasry",
              "imgUrl": "https://randomuser.me/api/portraits/men/3.jpg"
            }
          }
        ]
    },
    {
      "_id": "10006547",
      "name": "House Of Ben",
      "imgUrls": ["2.1","2.2a","2.2b","2.2c","2.2d"],
      "price": 40.00,
      "summary": "Fantastic duplex apartment with three bedrooms, located in the historic area of Porto, Ribeira (Cube)...",
      "capacity": 8,
      "favorites":[],
      "amenities": [
        "TV",
        "Wifi",
        "Kitchen",
        "Smoking allowed",
        "Pets allowed",
        "Cooking basics"
      ],
      "host": {
        "_id": "u102",
        "fullname": "Davit Pok",
        "imgUrl": "https://a0.muscache.com/im/pictures/fab79f25-2e10-4f0f-9711-663cb69dc7d8.jpg?aki_policy=profile_small"
      },
      "loc": {
        "country": "Portugal",
        "countryCode": "PT",
        "address": "Porto, Portugal",
        "lat": -8.61308,
        "lng": 41.1413
      },
      "reviews": [
        {
          "id": "madeId",
          "txt": "Very helpful hosts. Cooked traditional...",
          "avgRate": 4.9,
          "category":{
              "Cleanliness":4.9,
              "Accuracy":4.9,
              "Communication":4.9,
              "Location":4.9,
              "Check-in":4.9,
              "accessibility":4.9 
          },
          "by": {
            "_id": "u102",
            "fullname": "user2",
            "imgUrl": "/img/img2.jpg"
          }
        }
      ]
    },
    {
      "_id": "10006548",
      "name": "Apartment of Sean",
      "imgUrls": ["3.1","3.2a","3.2b","3.2c","3.2d"],
      "price": 72.00,
      "summary": "Fantastic duplex apartment with three bedrooms, located in the historic area of Porto, Ribeira (Cube)...",
      "capacity": 8,
      "favorites":[],
      "amenities": [
        "TV",
        "Wifi",
        "Kitchen",
        "Smoking allowed",
        "Pets allowed",
        "Cooking basics"
      ],
      "host": {
        "_id": "u101",
        "fullname": "Davit Pok",
        "imgUrl": "https://a0.muscache.com/im/pictures/fab79f25-2e10-4f0f-9711-663cb69dc7d8.jpg?aki_policy=profile_small"
      },
      "loc": {
        "country": "France",
        "countryCode": "PT",
        "address": "Paris, France",
        "lat": -8.61308,
        "lng": 41.1413
      },
      "reviews": [
        {
          "id": "madeId",
          "txt": "Very helpful hosts. Cooked traditional...",
          "avgRate": 4.9,
          "category":{
              "Cleanliness":4.9,
              "Accuracy":4.9,
              "Communication":4.9,
              "Location":4.9,
              "Check-in":4.9,
              "accessibility":4.9 
          },
          "by": {
            "_id": "u102",
            "fullname": "user2",
            "imgUrl": "/img/img2.jpg"
          }
        }
      ]
    },
    {
      "_id": "10006549",
      "name": "Ribeira Charming Duplex",
      "imgUrls": ["4.1","4.2a","4.2b","4.2c","4.2d"],
      "price": 150.00,
      "summary": "Fantastic duplex apartment with three bedrooms, located in the historic area of Porto, Ribeira (Cube)...",
      "capacity": 8,
      "favorites":[],
      "amenities": [
        "TV",
        "Wifi",
        "Kitchen",
        "Smoking allowed",
        "Pets allowed",
        "Cooking basics"
      ],
      "host": {
        "_id": "u101",
        "fullname": "Davit Pok",
        "imgUrl": "https://a0.muscache.com/im/pictures/fab79f25-2e10-4f0f-9711-663cb69dc7d8.jpg?aki_policy=profile_small"
      },
      "loc": {
        "country": "Portugal",
        "countryCode": "PT",
        "address": "Porto, Portugal",
        "lat": -8.61308,
        "lng": 41.1413
      },
      "reviews": [
        {
          "id": "madeId",
          "txt": "Very helpful hosts. Cooked traditional...",
          "avgRate": 4.9,
          "category":{
              "Cleanliness":4.9,
              "Accuracy":4.9,
              "Communication":4.9,
              "Location":4.9,
              "Check-in":4.9,
              "accessibility":4.9 
          },
          "by": {
            "_id": "u102",
            "fullname": "user2",
            "imgUrl": "/img/img2.jpg"
          }
        }
      ]
    },
    {
      "_id": "10006550",
      "name": "Vila vilacola ",
      "imgUrls": ["5.1","5.2a","5.2b","5.2c","5.2d"],
      "price": 80.00,
      "summary": "Fantastic duplex apartment with three bedrooms, located in the historic area of Porto, Ribeira (Cube)...",
      "capacity": 8,
      "favorites":[],
      "amenities": [
        "TV",
        "Wifi",
        "Kitchen",
        "Smoking allowed",
        "Pets allowed",
        "Cooking basics"
      ],
      "host": {
        "_id": "u102",
        "fullname": "Davit Pok",
        "imgUrl": "https://a0.muscache.com/im/pictures/fab79f25-2e10-4f0f-9711-663cb69dc7d8.jpg?aki_policy=profile_small"
      },
      "loc": {
        "country": "spain",
        "countryCode": "sp",
        "address": "barcelona, spain",
        "lat": -8.61308,
        "lng": 41.1413
      },
      "reviews": [
        {
          "id": "madeId",
          "txt": "Very helpful hosts. Cooked traditional...",
          "avgRate": 4.9,
          "category":{
              "Cleanliness":4.9,
              "Accuracy":4.9,
              "Communication":4.9,
              "Location":4.9,
              "Check-in":4.9,
              "accessibility":4.9 
          },
          "by": {
            "_id": "u102",
            "fullname": "user2",
            "imgUrl": "/img/img2.jpg"
          }
        }
      ]
    },
    {
      "_id": "10006551",
      "name": "House of gellers",
      "imgUrls": ["6.1","6.2a","6.2b","6.2c","6.2d"],
      "price": 80.00,
      "summary": "Fantastic duplex apartment with three bedrooms, located in the historic area of Porto, Ribeira (Cube)...",
      "capacity": 8,
      "favorites":[],
      "amenities": [
        "TV",
        "Wifi",
        "Kitchen",
        "Smoking allowed",
        "Pets allowed",
        "Cooking basics"
      ],
      "host": {
        "_id": "u102",
        "fullname": "Davit Pok",
        "imgUrl": "https://a0.muscache.com/im/pictures/fab79f25-2e10-4f0f-9711-663cb69dc7d8.jpg?aki_policy=profile_small"
      },
      "loc": {
        "country": "Portugal",
        "countryCode": "PT",
        "address": "Porto, Portugal",
        "lat": -8.61308,
        "lng": 41.1413
      },
      "reviews": [
        {
          "id": "madeId",
          "txt": "Very helpful hosts. Cooked traditional...",
          "avgRate": 4.9,
          "category":{
              "Cleanliness":4.9,
              "Accuracy":4.9,
              "Communication":4.9,
              "Location":4.9,
              "Check-in":4.9,
              "accessibility":4.9 
          },
          "by": {
            "_id": "u102",
            "fullname": "user2",
            "imgUrl": "/img/img2.jpg"
          }
        }
      ]
    },
    {
      "_id": "10006552",
      "name": "Becca house",
      "imgUrls": ["7.1","7.2a","7.2b","7.2c","7.2d"],
      "price": 80.00,
      "summary": "Fantastic duplex apartment with three bedrooms, located in the historic area of Porto, Ribeira (Cube)...",
      "capacity": 8,
      "favorites":[],
      "amenities": [
        "TV",
        "Wifi",
        "Kitchen",
        "Smoking allowed",
        "Pets allowed",
        "Cooking basics"
      ],
      "host": {
        "_id": "u101",
        "fullname": "Davit Pok",
        "imgUrl": "https://a0.muscache.com/im/pictures/fab79f25-2e10-4f0f-9711-663cb69dc7d8.jpg?aki_policy=profile_small"
      },
      "loc": {
        "country": "Portugal",
        "countryCode": "PT",
        "address": "Porto, Portugal",
        "lat": -8.61308,
        "lng": 41.1413
      },
      "reviews": [
        {
          "id": "madeId",
          "txt": "Very helpful hosts. Cooked traditional...",
          "avgRate": 4.9,
          "category":{
              "Cleanliness":4.9,
              "Accuracy":4.9,
              "Communication":4.9,
              "Location":4.9,
              "Check-in":4.9,
              "accessibility":4.9 
          },
          "by": {
            "_id": "u102",
            "fullname": "user2",
            "imgUrl": "/img/img2.jpg"
          }
        }
      ]
    },
    {
      "_id": "10006553",
      "name": "The castle of lin",
      "imgUrls": ["8.1","8.2a","8.2b","8.2c","8.2d"],
      "price": 76.00,
      "summary": "Fantastic duplex apartment with three bedrooms, located in the historic area of Porto, Ribeira (Cube)...",
      "capacity": 8,
      "favorites":[],
      "amenities": [
        "TV",
        "Wifi",
        "Kitchen",
        "Smoking allowed",
        "Pets allowed",
        "Cooking basics"
      ],
      "host": {
        "_id": "u101",
        "fullname": "Davit Pok",
        "imgUrl": "https://a0.muscache.com/im/pictures/fab79f25-2e10-4f0f-9711-663cb69dc7d8.jpg?aki_policy=profile_small"
      },
      "loc": {
        "country": " United States",
        "countryCode": "PT",
        "address": "New York, United States",
        "lat": -8.61308,
        "lng": 41.1413
      },
      "reviews": [
        {
          "id": "madeId",
          "txt": "Very helpful hosts. Cooked traditional...",
          "avgRate": 4.9,
          "category":{
              "Cleanliness":4.9,
              "Accuracy":4.9,
              "Communication":4.9,
              "Location":4.9,
              "Check-in":4.9,
              "accessibility":4.9 
          },
          "by": {
            "_id": "u102",
            "fullname": "user2",
            "imgUrl": "/img/img2.jpg"
          }
        }
      ]
    },
    {
      "_id": "10006554",
      "name": "2 room appartement",
      "imgUrls": ["9.1","9.2a","9.2b","9.2c","9.2d"],
      "price": 85.00,
      "summary": "Fantastic duplex apartment with three bedrooms, located in the historic area of Porto, Ribeira (Cube)...",
      "capacity": 8,
      "favorites":[],
      "amenities": [
        "TV",
        "Wifi",
        "Kitchen",
        "Smoking allowed",
        "Pets allowed",
        "Cooking basics"
      ],
      "host": {
        "_id": "u102",
        "fullname": "Davit Pok",
        "imgUrl": "https://a0.muscache.com/im/pictures/fab79f25-2e10-4f0f-9711-663cb69dc7d8.jpg?aki_policy=profile_small"
      },
      "loc": {
        "country": "Portugal",
        "countryCode": "PT",
        "address": "Porto, Portugal",
        "lat": -8.61308,
        "lng": 41.1413
      },
      "reviews": [
        {
          "id": "madeId",
          "txt": "Very helpful hosts. Cooked traditional...",
          "avgRate": 4.9,
          "category":{
              "Cleanliness":4.9,
              "Accuracy":4.9,
              "Communication":4.9,
              "Location":4.9,
              "Check-in":4.9,
              "accessibility":4.9 
          },
          "by": {
            "_id": "u102",
            "fullname": "user2",
            "imgUrl": "/img/img2.jpg"
          }
        }
      ]
    },
    {
      "_id": "10006555",
      "name": "Privat house on the bitch",
      "imgUrls": ["10.1","10.2a","10.2b","10.2c","10.2d"],
      "price": 100.00,
      "summary": "Fantastic duplex apartment with three bedrooms, located in the historic area of Porto, Ribeira (Cube)...",
      "capacity": 8,
      "favorites":[],
      "amenities": [
        "TV",
        "Wifi",
        "Kitchen",
        "Smoking allowed",
        "Pets allowed",
        "Cooking basics"
      ],
      "host": {
        "_id": "u101",
        "fullname": "Davit Pok",
        "imgUrl": "https://a0.muscache.com/im/pictures/fab79f25-2e10-4f0f-9711-663cb69dc7d8.jpg?aki_policy=profile_small"
      },
      "loc": {
        "country": "Portugal",
        "countryCode": "PT",
        "address": "Porto, Portugal",
        "lat": -8.61308,
        "lng": 41.1413
      },
      "reviews": [
        {
          "id": "madeId",
          "txt": "Very helpful hosts. Cooked traditional...",
          "avgRate": 4.9,
          "category":{
              "Cleanliness":4.9,
              "Accuracy":4.9,
              "Communication":4.9,
              "Location":4.9,
              "Check-in":4.9,
              "accessibility":4.9 
          },
          "by": {
            "_id": "u102",
            "fullname": "user2",
            "imgUrl": "/img/img2.jpg"
          }
        }
      ]
    }
    ]
  ,
    "order": [
      {
        "_id": "o1225",
        "createdAt": 9898989,
        "buyer": {
          "_id": "u101",
          "fullname": "User 1"
        },
        "totalPrice": 160,
        "startDate": "4/15/2025",
        "endDate": "4/17/2025",
        "guests": {
          "adults": 2,
          "kids": 1
        },
        "stay": {
          "_id": "10006546",
          "name": "House Of Uncle My",
          "price": 80.00
        },
        "status": "pending"
      },   
      {
        "_id": "o1226",
        "createdAt": 9898953,
        "buyer": {
          "_id": "u101",
          "fullname": "User 1"
        },
        "totalPrice": 160,
        "startDate": "10/15/2025",
        "endDate": "10/17/2025",
        "guests": {
          "adults": 3,
          "kids": 0
        },
        "stay": {
          "_id": "10006548",
          "name": "Ribeira Charming Duplex",
          "price": 80.00
        },
        "status": "pending"
      },   
      {
        "_id": "o1227",
        "createdAt": 9898999,
        "buyer": {
          "_id": "u102",
          "fullname": "User 2"
        },
        "totalPrice": 130,
        "startDate": "8/1/2027",
        "endDate": "9/1/2027",
        "guests": {
          "adults": 4,
          "kids": 0
        },
        "stay": {
          "_id": "10006547",
          "name": "House Of Ben",
          "price": 60.00
        },
        "status": "pending"
      },    
      {
        "_id": "o1229",
        "createdAt": 9893999,
        "buyer": {
          "_id": "u102",
          "fullname": "User 2"
        },
        "totalPrice": 130,
        "startDate": "8/1/2027",
        "endDate": "9/1/2027",
        "guests": {
          "adults": 4,
          "kids": 0
        },
        "stay": {
          "_id": "10006547",
          "name": "House Of Ben",
          "price": 60.00
        },
        "status": "pending"
      }    
    ],
    "user": [
      {
        "_id": "u101",
        "fullname": "User 1",
        "imgUrl": "https://randomuser.me/api/portraits/men/1.jpg",
        "isAdmin": false,
        "username" : "user1",
        "password" : "secret"
    },
    {
        "_id": "u102",
        "fullname": "User 2",
        "imgUrl": "https://randomuser.me/api/portraits/men/2.jpg",
        "isAdmin": false,
        "username" : "user2",
        "password" : "secret"
      },
    {
        "_id": "u103",
        "fullname": "User 3",
        "imgUrl": "https://randomuser.me/api/portraits/men/3.jpg",
        "isAdmin": false,
        "username" : "user3",
        "password" : "secret"
      },
    {
        "_id": "u104",
        "fullname": "User 4",
        "imgUrl": "https://randomuser.me/api/portraits/men/4.jpg",
        "isAdmin": false,
        "username" : "user4",
        "password" : "secret"
      },
    {
        "_id": "u105",
        "fullname": "User 5",
        "imgUrl": "https://randomuser.me/api/portraits/men/5.jpg",
        "isAdmin": false,
        "username" : "user5",
        "password" : "secret"
      },
    {
        "_id": "u106",
        "fullname": "User 6",
        "imgUrl": "https://randomuser.me/api/portraits/men/6.jpg",
        "isAdmin": false,
        "username" : "user6",
        "password" : "secret"
      },
    {
        "_id": "u107",
        "fullname": "User 7",
        "imgUrl": "https://randomuser.me/api/portraits/men/7.jpg",
        "isAdmin": false,
        "username" : "user7",
        "password" : "secret"
      },
    {
        "_id": "u108",
        "fullname": "User 8",
        "imgUrl": "https://randomuser.me/api/portraits/men/8.jpg",
        "isAdmin": false,
        "username" : "user8",
        "password" : "secret"
      },
    {
        "_id": "u109",
        "fullname": "User 9",
        "imgUrl": "https://randomuser.me/api/portraits/men/9.jpg",
        "isAdmin": false,
        "username" : "user9",
        "password" : "secret"
      },
    {
        "_id": "u110",
        "fullname": "User 2",
        "imgUrl": "https://randomuser.me/api/portraits/men/10.jpg",
        "isAdmin": false,
        "username" : "user2",
        "password" : "secret"
      }
    ]  
}

