{
    "trip(FrontendOnly)":  { 
      "startDate": "2025/10/15",
      "endDate": "2025/10/17",
      "guests": {
        "adults": 2,
        "kids": 1
      },
      "loc": {
        "country": "Portugal",
        "countryCode": "PT",
        "address": "Porto, Portugal",
        "lat": -8.61308,
        "lng": 41.1413
      }
    },
    "stay": [
    {
        "_id": "10006546",
        "name": "House Of Mor",
        "imgUrls": ["1.1","1.2a","1.2b","1.2c","1.2d"],
        "price": 80.00,
        "summary": "Fantastic duplex apartment with three bedrooms, located in the historic area of Paris",
        "capacity": 8,
        "favorites":[{"userId":"u109"}],
        "amenities": [
          "TV",
          "Wifi",
          "Air-conditioning",
          "Smoking allowed",
          "Pets allowed",
          "Cooking basics"
        ],
        "host": {
          "_id": "u101",
          "fullname": "Mor Levi",
          "imgUrl": "https://randomuser.me/api/portraits/men/1.jpg"
        },
        "loc": {
          "country": "France",
          "countryCode": "PT",
          "address": "Paris, France",
          "lat": -8.61308,
          "lng": 41.1413
        },
        "reviews": [
          {
          "id": "u102rev",
          "txt": "Great apartment, amazing view and amnesties",
          "avgRate": 4.5,
          "category":{
              "Cleanliness":4,
              "Accuracy":4,
              "Communication":4,
              "Location":5,
              "Check-in":5,
              "Accessibility":5 
          },
          "by": {
            "_id": "u102",
            "fullname": "Nicolas Roho",
            "imgUrl": "https://randomuser.me/api/portraits/men/2.jpg",
            "time":1616280724238
          }
          },{
            "id": "u103ord",
            "txt": "Great apartment, amazing view and amnesties",
            "avgRate": 4,
            "category":{
                "Cleanliness":4,
                "Accuracy":5,
                "Communication":3,
                "Location":3,
                "Check-in":4,
                "Accessibility":5 
            },
            "by": {
              "_id": "u103",
              "fullname": "Jack Daniel",
              "imgUrl": "https://randomuser.me/api/portraits/men/3.jpg",
              "time":1616280724238
            }
            },
          {
            "id": "u104rev",
            "txt": "Great apartment, although please be aware that the kitchen is not as equipped as would have been expected. Very comfortable stay and in a great location",
            "avgRate": 3.5,
            "category":{
                "Cleanliness":3,
                "Accuracy":3,
                "Communication":3,
                "Location":4,
                "Check-in":4,
                "Accessibility":4 
            },
            "by": {
              "_id": "u104",
              "fullname": "Adi Ben David",
              "imgUrl": "https://randomuser.me/api/portraits/men/4.jpg",
              "time":1616280724238
            }
          },
          {
            "id": "u105rev",
            "txt": "Great apartment, amazing view and amnesties",
            "avgRate": 4.5,
            "category":{
                "Cleanliness":4,
                "Accuracy":4,
                "Communication":4,
                "Location":5,
                "Check-in":5,
                "Accessibility":5 
            },
            "by": {
              "_id": "u105",
              "fullname": "John Lenon",
              "imgUrl": "https://randomuser.me/api/portraits/men/5.jpg",
              "time":1606280724238
            }
            },{
              "id": "u106rev",
              "txt": "We had a wonderful stay at the Oasis on the Easter Weekend. A little outside Rome, the place is perfect for a stay of one week or longer. Directly at Via Appia Antica, with some ancient sites in walking distance. Federico and especially his mother and partner were very helpful by any means. Whatever we needed or asked for - they had an answer or solution. The garden was perfect for us and our children, nice and sunny until sunset. We would definitely come back!",
              "avgRate": 4,
              "category":{
                  "Cleanliness":4,
                  "Accuracy":5,
                  "Communication":3,
                  "Location":3,
                  "Check-in":4,
                  "Accessibility":5 
              },
              "by": {
                "_id": "u106",
                "fullname": "Adam Kolt",
                "imgUrl": "https://randomuser.me/api/portraits/men/6.jpg",
                "time":1616280724238
              }
              },
            {
              "id": "u107rev",
              "txt": "Great apartment, although please be aware that the kitchen is not as equipped as would have been expected. Very comfortable stay and in a great location",
              "avgRate": 3.5,
              "category":{
                  "Cleanliness":3,
                  "Accuracy":3,
                  "Communication":3,
                  "Location":4,
                  "Check-in":4,
                  "Accessibility":4 
              },
              "by": {
                "_id": "u107",
                "fullname": "Chan Mi Sun",
                "imgUrl": "https://randomuser.me/api/portraits/men/7.jpg",
                "time":1617280724238
              }
            }
        ]
    },
    {
      "_id": "10006547",
      "name": "House Of Davit",
      "imgUrls": ["2.1","2.2a","2.2b","2.2c","2.2d"],
      "price": 40.00,
      "summary": "Beautifull three bedroom apartment, located in the the center of Porto, Ribeira (Cube)...",
      "capacity": 8,
      "favorites":[],
      "amenities": [
        "TV",
        "Wifi",
        "Kitchen",
        "Smoking allowed",
        "Pets allowed",
        "Cooking basics"
      ],
      "host": {
        "_id": "u108",
        "fullname": "Davit Pok",
        "imgUrl": "https://randomuser.me/api/portraits/men/8.jpg"
      },
      "loc": {
        "country": "Portugal",
        "countryCode": "PT",
        "address": "Porto, Portugal",
        "lat": -8.61308,
        "lng": 41.1413
      },
      "reviews": [
        {
          "id": "madeId",
          "txt": "Very helpful hosts. Cooked traditional...",
          "avgRate": 4.9,
          "category":{
              "Cleanliness":4.9,
              "Accuracy":4.9,
              "Communication":4.9,
              "Location":4.9,
              "Check-in":4.9,
              "Accessibility":4.9 
          },
          "by": {
            "_id": "u101",
            "fullname": "Mor Levy",
            "imgUrl": "https://randomuser.me/api/portraits/men/1.jpg",
            "time":1616124717372
          }
        }
      ]
    },
    {
      "_id": "10006548",
      "name": "Apartment of Mor",
      "imgUrls": ["3.1","3.2a","3.2b","3.2c","3.2d"],
      "price": 72.00,
      "summary": "Charming loft in Paris",
      "capacity": 3,
      "favorites":[],
      "amenities": [
        "TV",
        "Wifi",
        "Kitchen",
        "Smoking allowed",
        "Pets allowed",
        "Cooking basics"
      ],
      "host": {
        "_id": "u101",
        "fullname": "Mor Levi",
        "imgUrl": "https://randomuser.me/api/portraits/men/1.jpg"
      },
      "loc": {
        "country": "France",
        "countryCode": "PT",
        "address": "Paris, France",
        "lat": -8.61308,
        "lng": 41.1413
      },
      "reviews": [
        {
          "id": "u108rev",
          "txt": "Very helpful hosts. Cooked traditional...",
          "avgRate": 4.9,
          "category":{
              "Cleanliness":4.9,
              "Accuracy":4.9,
              "Communication":4.9,
              "Location":4.9,
              "Check-in":4.9,
              "Accessibility":4.9 
          },
          "by": {
            "_id": "u108",
            "fullname": "Davit Pok",
            "imgUrl": "https://randomuser.me/api/portraits/men/8.jpg",
            "time":1616123717372
          }
        }
      ]
    },
    {
      "_id": "10006549",
      "name": "Charming Duplex of Mor",
      "imgUrls": ["4.1","4.2a","4.2b","4.2c","4.2d"],
      "price": 150.00,
      "summary": "Fantastic duplex apartment with three bedrooms, located in the historic area of Porto, Ribeira (Cube)...",
      "capacity": 8,
      "favorites":[],
      "amenities": [
        "TV",
        "Wifi",
        "Kitchen",
        "Smoking allowed",
        "Pets allowed",
        "Cooking basics"
      ],
      "host": {
        "_id": "u101",
        "fullname": "Mor Levi",
        "imgUrl": "https://randomuser.me/api/portraits/men/1.jpg"
      },
      "loc": {
        "country": "Portugal",
        "countryCode": "PT",
        "address": "Porto, Portugal",
        "lat": -8.61308,
        "lng": 41.1413
      },
      "reviews": [
        {
          "id": "madeId",
          "txt": "Very helpful hosts. Cooked traditional...",
          "avgRate": 4.9,
          "category":{
              "Cleanliness":4,
              "Accuracy":4,
              "Communication":4,
              "Location":4,
              "Check-in":4,
              "Accessibility":4 
          },
          "by": {
            "_id": "u109",
            "fullname": "Dor Ben-David",
            "imgUrl": "https://randomuser.me/api/portraits/men/9.jpg",
            "time":1606124717372
          }
        }
      ]
    },
    {
      "_id": "10006550",
      "name": "Davit vila vilacola",
      "imgUrls": ["5.1","5.2a","5.2b","5.2c","5.2d"],
      "price": 80.00,
      "summary": "Modern loft in Beautiful Barcelona",
      "capacity": 4,
      "favorites":[],
      "amenities": [
        "TV",
        "Wifi",
        "Kitchen",
        "Smoking allowed",
        "Pets allowed",
        "Cooking basics"
      ],
      "host": {
        "_id": "u108",
        "fullname": "Davit Pok",
        "imgUrl": "https://randomuser.me/api/portraits/men/8.jpg"
      },
      "loc": {
        "country": "spain",
        "countryCode": "sp",
        "address": "barcelona, spain",
        "lat": -8.61308,
        "lng": 41.1413
      },
      "reviews": [
        {
          "id": "u110rev",
          "txt": "Very helpful hosts. Cooked traditional...",
          "avgRate": 4,
          "category":{
              "Cleanliness":4,
              "Accuracy":4,
              "Communication":4,
              "Location":4,
              "Check-in":4,
              "Accessibility":4 
          },
          "by": {
            "_id": "u110",
            "fullname": "Danny Roop",
            "imgUrl": "https://randomuser.me/api/portraits/men/10.jpg",
            "time":1606124717372
          }
        }
      ]
    },
    {
      "_id": "10006551",
      "name": "House of Pok",
      "imgUrls": ["6.1","6.2a","6.2b","6.2c","6.2d"],
      "price": 180.00,
      "summary": "Luxury apartment with 5 bedrooms,  in Porto, Ribeira",
      "capacity": 8,
      "favorites":[],
      "amenities": [
        "TV",
        "Wifi",
        "Kitchen",
        "Smoking allowed",
        "Pets allowed",
        "Cooking basics"
      ],
      "host": {
        "_id": "u108",
        "fullname": "Davit Pok",
        "imgUrl": "https://randomuser.me/api/portraits/men/8.jpg"
      },
      "loc": {
        "country": "Portugal",
        "countryCode": "PT",
        "address": "Porto, Portugal",
        "lat": -8.61308,
        "lng": 41.1413
      },
      "reviews": [
        {
          "id": "u111rev",
          "txt": "Very helpful hosts. Cooked traditional...",
          "avgRate": 3,
          "category":{
              "Cleanliness":4,
              "Accuracy":4,
              "Communication":2,
              "Location":2,
              "Check-in":3,
              "Accessibility":3 
          },
          "by": {
            "_id": "u111",
            "fullname": "Brus Lorance",
            "imgUrl": "https://randomuser.me/api/portraits/men/11.jpg",
            "time":1606124717372
          }
        }
      ]
    },
    {
      "_id": "10006552",
      "name": "Mor loft",
      "imgUrls": ["7.1","7.2a","7.2b","7.2c","7.2d"],
      "price": 90.00,
      "summary": "Large apartment in Porto",
      "capacity": 4,
      "favorites":[],
      "amenities": [
        "TV",
        "Wifi",
        "Kitchen",
        "Smoking allowed",
        "Pets allowed",
        "Cooking basics"
      ],
      "host": {
        "_id": "u101",
        "fullname": "Mor Levi",
        "imgUrl": "https://randomuser.me/api/portraits/men/1.jpg"
      },
      "loc": {
        "country": "Portugal",
        "countryCode": "PT",
        "address": "Porto, Portugal",
        "lat": -8.61308,
        "lng": 41.1413
      },
      "reviews": [
        {
          "id": "u208rev",
          "txt": "Kind hosts. Redomended...",
          "avgRate": 5,
          "category":{
              "Cleanliness":5,
              "Accuracy":5,
              "Communication":5,
              "Location":5,
              "Check-in":5,
              "Accessibility":5 
          },
          "by": {
            "_id": "u108",
            "fullname": "Davit Pok",
            "imgUrl": "https://randomuser.me/api/portraits/men/8.jpg",
            "time":1606123717372
          }
        },
        {
          "id": "madeId",
          "txt": "Nice attitude, Bathrooms very clean!",
          "avgRate": 4.5,
          "category":{
              "Cleanliness":4,
              "Accuracy":4,
              "Communication":5,
              "Location":5,
              "Check-in":5,
              "Accessibility":4 
          },
          "by": {
            "_id": "u113",
            "fullname": "Daniel Zukerman",
            "imgUrl": "https://randomuser.me/api/portraits/men/13.jpg",
            "time":1605123717372
          }
        }
      ]
    },
    {
      "_id": "10006553",
      "name": "The castle of Mor",
      "imgUrls": ["8.1","8.2a","8.2b","8.2c","8.2d"],
      "price": 76.00,
      "summary": "2 bedroom apartmen, in New-York center",
      "capacity": 4,
      "favorites":[],
      "amenities": [
        "TV",
        "Wifi",
        "Kitchen",
        "Smoking allowed",
        "Pets allowed",
        "Cooking basics"
      ],
      "host": {
        "_id": "u101",
        "fullname": "Mor Levi",
        "imgUrl": "https://randomuser.me/api/portraits/men/1.jpg"
      },
      "loc": {
        "country": " United States",
        "countryCode": "PT",
        "address": "New York, United States",
        "lat": -8.61308,
        "lng": 41.1413
      },
      "reviews": [
        {
          "id": "u208rev",
          "txt": "Very helpful hosts. Cooked traditional...",
          "avgRate": 4.8,
          "category":{
              "Cleanliness":5,
              "Accuracy":5,
              "Communication":5,
              "Location":5,
              "Check-in":5,
              "Accessibility":4 
          },
          "by": {
            "_id": "u108",
            "fullname": "Davit Pok",
            "imgUrl": "https://randomuser.me/api/portraits/men/8.jpg",
            "time":1606113717372
          }
        }
      ]
    },
    {
      "_id": "10006554",
      "name": "Davit 2 room apartement",
      "imgUrls": ["9.1","9.2a","9.2b","9.2c","9.2d"],
      "price": 85.00,
      "summary": "2 room apartement, Porto, Ribeira (Cube)...",
      "capacity": 8,
      "favorites":[],
      "amenities": [
        "TV",
        "Wifi",
        "Kitchen",
        "Smoking allowed",
        "Pets allowed",
        "Cooking basics"
      ],
      "host": {
        "_id": "u108",
        "fullname": "Davit Pok",
        "imgUrl": "https://randomuser.me/api/portraits/men/8.jpg"
      },
      "loc": {
        "country": "Portugal",
        "countryCode": "PT",
        "address": "Porto, Portugal",
        "lat": -8.61308,
        "lng": 41.1413
      },
      "reviews": [
        {
          "id": "u115",
          "txt": "Very Small, don't trust the pictures, save yourself the money...",
          "avgRate": 2,
          "category":{
              "Cleanliness":2,
              "Accuracy":2,
              "Communication":2,
              "Location":2,
              "Check-in":2,
              "Accessibility":2 
          },
          "by": {
            "_id": "u115",
            "fullname": "Josh Davidoff",
            "imgUrl": "https://randomuser.me/api/portraits/men/15.jpg",
            "time":1506613717372
          }
        }
      ]
    },
    {
      "_id": "10006555",
      "name": "Private house on the beach",
      "imgUrls": ["10.1","10.2a","10.2b","10.2c","10.2d"],
      "price": 60.00,
      "summary": "Private beach-house",
      "capacity": 3,
      "favorites":[],
      "amenities": [
        "TV",
        "Wifi",
        "Kitchen",
        "Smoking allowed",
        "Pets allowed",
        "Cooking basics"
      ],
      "host": {
        "_id": "u101",
        "fullname": "Mor Levi",
        "imgUrl": "https://randomuser.me/api/portraits/men/15.jpg"
      },
      "loc": {
        "country": "Portugal",
        "countryCode": "PT",
        "address": "Porto, Portugal",
        "lat": -8.61308,
        "lng": 41.1413
      },
      "reviews": [
        {
          "id": "madeId",
          "txt": "Cool beach house - recomended fot surfers",
          "avgRate": 5,
          "category":{
              "Cleanliness":5,
              "Accuracy":5,
              "Communication":5,
              "Location":5,
              "Check-in":5,
              "Accessibility":5 
          },
          "by": {
            "_id": "u116",
            "fullname": "Tom Partush",
            "imgUrl": "https://randomuser.me/api/portraits/men/16.jpg",
            "time":1506113717372
          }
        }
      ]
    },
    {
      "_id": "10006555",
      "name": "Private house on the beach",
      "imgUrls": ["10.1","10.2a","10.2b","10.2c","10.2d"],
      "price": 60.00,
      "summary": "Private beach-house",
      "capacity": 3,
      "favorites":[],
      "amenities": [
        "TV",
        "Wifi",
        "Kitchen",
        "Smoking allowed",
        "Pets allowed",
        "Cooking basics"
      ],
      "host": {
        "_id": "u101",
        "fullname": "Mor Levi",
        "imgUrl": "https://randomuser.me/api/portraits/men/15.jpg"
      },
      "loc": {
        "country": "Portugal",
        "countryCode": "PT",
        "address": "Porto, Portugal",
        "lat": -8.61308,
        "lng": 41.1413
      },
      "reviews": [
        {
          "id": "madeId",
          "txt": "Cool beach house - recomended fot surfers",
          "avgRate": 5,
          "category":{
              "Cleanliness":5,
              "Accuracy":5,
              "Communication":5,
              "Location":5,
              "Check-in":5,
              "Accessibility":5 
          },
          "by": {
            "_id": "u116",
            "fullname": "Tom Partush",
            "imgUrl": "https://randomuser.me/api/portraits/men/16.jpg",
            "time":1506113717372
          }
        }
      ]
    }

    ]
  ,
    "order": [
      {
        "_id": "u105ord",
        "createdAt": 9898989,
        "buyer": {
          "_id": "u105",
          "fullname": "John Lenon"
        },
        "totalPrice": 160,
        "startDate": "04/25/2021",
        "endDate": "04/27/2021",
        "guests": {
          "adults": 2,
          "kids": 1
        },
        "stay": {
          "_id": "10006546",
          "name": "House Of Mor",
          "price": 80.00
        },
        "status": "approve"
      },   
      {
        "_id": "u108ord",
        "createdAt": 9898992,
        "buyer": {
          "_id": "u108",
          "fullname": "Davit Pok"
        },
        "totalPrice": 160,
        "startDate": "03/15/2025",
        "endDate": "03/17/2025",
        "guests": {
          "adults": 2,
          "kids": 0
        },
        "stay": {
          "_id": "10006546",
          "name": "House Of Mor",
          "price": 80.00
        },
        "status": "approve"
      },   
      {
        "_id": "u104ord",
        "createdAt": 9898953,
        "buyer": {
          "_id": "u104",
          "fullname": "Adi Ben David"
        },
        "totalPrice": 160,
        "startDate": "10/15/2025",
        "endDate": "10/17/2025",
        "guests": {
          "adults": 3,
          "kids": 0
        },
        "stay": {
          "_id": "10006548",
          "name": "Apartment of Mor",
          "price": 80.00
        },
        "status": "pending"
      },   
      {
        "_id": "u106ord",
        "createdAt": 9898999,
        "buyer": {
          "_id": "u106",
          "fullname": "Adam Kolt"
        },
        "totalPrice": 130,
        "startDate": "08/01/2027",
        "endDate": "09/01/2027",
        "guests": {
          "adults": 4,
          "kids": 0
        },
        "stay": {
          "_id": "10006547",
          "name": "House Of Davit",
          "price": 60.00
        },
        "status": "pending"
      },    
      {
        "_id": "u107ord",
        "createdAt": 9893999,
        "buyer": {
          "_id": "u107",
          "fullname": "Chan Mi Sun"
        },
        "totalPrice": 130,
        "startDate": "08/01/2027",
        "endDate": "09/01/2027",
        "guests": {
          "adults": 4,
          "kids": 0
        },
        "stay": {
          "_id": "10006552",
          "name": "Mor loft",
          "price": 60.00
        },
        "status": "pending"
      },    
      {
        "_id": "u207ord",
        "createdAt": 98939929,
        "buyer": {
          "_id": "u107",
          "fullname": "Chan Mi Sun"
        },
        "totalPrice": 270,
        "startDate": "10/15/2022",
        "endDate": "10/18/2022",
        "guests": {
          "adults": 2,
          "kids": 0
        },
        "stay": {
          "_id": "10006553",
          "name": "The castle of Mor",
          "price": 90.00
        },
        "status": "approve"
      },
      {
        "_id": "u206ord",
        "createdAt": 98939929,
        "buyer": {
          "_id": "u106",
          "fullname": "Adam Kolt"
        },
        "totalPrice": 600,
        "startDate": "05/02/2021",
        "endDate": "05/12/2021",
        "guests": {
          "adults": 2,
          "kids": 2
        },
        "stay": {
          "_id": "10006552",
          "name": "Mor loft",
          "price": 60.00
        },
        "status": "pending"
      },   
      {
        "_id": "u103ord",
        "createdAt": 98939329,
        "buyer": {
          "_id": "u103",
          "fullname": "Jack Daniel"
        },
        "totalPrice": 600,
        "startDate": "05/02/2021",
        "endDate": "05/12/2021",
        "guests": {
          "adults": 2,
          "kids": 2
        },
        "stay": {
          "_id": "10006555",
          "name": "Private house on the beach",
          "price": 60.00
        },
        "status": "pending"
      },
      {
        "_id": "u102ord",
        "createdAt": 98939379,
        "buyer": {
          "_id": "u102",
          "fullname": "Nicolas Roho"
        },
        "totalPrice": 600,
        "startDate": "05/02/2021",
        "endDate": "05/12/2021",
        "guests": {
          "adults": 2,
          "kids": 5
        },
        "stay": {
          "_id": "10006555",
          "name": "Private house on the beach",
          "price": 60.00
        },
        "status": "approve"
      },
      {
        "_id": "u307ord",
        "createdAt": 98939999,
        "buyer": {
          "_id": "u107",
          "fullname": "Chan Mi Sun"
        },
        "totalPrice": 300,
        "startDate": "09/02/2021",
        "endDate": "09/07/2021",
        "guests": {
          "adults": 4,
          "kids": 0
        },
        "stay": {
          "_id": "10006549",
          "name": "Charming Duplex of Mor",
          "price": 60.00
        },
        "status": "approve"
      },
      {
        "_id": "u205ord",
        "createdAt": 98939999,
        "buyer": {
          "_id": "u105",
          "fullname": "John Lenon"
        },
        "totalPrice": 180,
        "startDate": "10/14/2021",
        "endDate": "10/17/2021",
        "guests": {
          "adults": 4,
          "kids": 0
        },
        "stay": {
          "_id": "10006549",
          "name": "Charming Duplex of Mor",
          "price": 60.00
        },
        "status": "pending"
      }
    ],
    "user": [
      {
        "_id": "u101",
        "fullname": "Mor Levi",
        "imgUrl": "https://randomuser.me/api/portraits/men/1.jpg",
        "isAdmin": false,
        "username" : "mor97",
        "password" : "secret",
        "notifications":{
          "orders":[],
          "msgs":[]
        }
    },
    {
      "_id": "u102",
      "fullname": "Nicolas Roho",
      "imgUrl": "https://randomuser.me/api/portraits/men/2.jpg",
      "isAdmin": false,
      "username" : "nicoR",
      "password" : "secret",
      "notifications":{
        "orders":[],
        "msgs":[]
      }
    },
    {
        "_id": "u103",
        "fullname": "Jack Daniel",
        "imgUrl": "https://randomuser.me/api/portraits/men/3.jpg",
        "isAdmin": false,
        "username" : "jack1987",
        "password" : "secret",
        "notifications":{
          "orders":[],
          "msgs":[]
        }
      },
    {
        "_id": "u104",
        "fullname": "Adi Ben David",
        "imgUrl": "https://randomuser.me/api/portraits/men/4.jpg",
        "isAdmin": false,
        "username" : "adi_benda",
        "password" : "secret",
        "notifications":{
          "orders":[],
          "msgs":[]
        }
      },
    {
        "_id": "u105",
        "fullname": "John Lenon",
        "imgUrl": "https://randomuser.me/api/portraits/men/5.jpg",
        "isAdmin": false,
        "username" : "johnLen90",
        "password" : "secret",
        "notifications":{
          "orders":[],
          "msgs":[]
        }
      },
    {
        "_id": "u106",
        "fullname": "Adam Kolt",
        "imgUrl": "https://randomuser.me/api/portraits/men/6.jpg",
        "isAdmin": false,
        "username" : "aKolt",
        "password" : "secret",
        "notifications":{
          "orders":[],
          "msgs":[]
        }
      },
    {
        "_id": "u107",
        "fullname": "Chan Mi Sun",
        "imgUrl": "https://randomuser.me/api/portraits/men/7.jpg",
        "isAdmin": false,
        "username" : "chan_sun",
        "password" : "secret",
        "notifications":{
          "orders":[],
          "msgs":[]
        }
      },
      {
        "_id": "u108",
        "fullname": "Davit Pok",
        "imgUrl": "https://randomuser.me/api/portraits/men/8.jpg",
        "isAdmin": false,
        "username" : "david_Pok",
        "password" : "secret",
        "notifications":{
          "orders":[],
          "msgs":[]
        }
      },
      {
        "_id": "u109",
        "fullname": "Dor Ben David",
        "imgUrl": "https://randomuser.me/api/portraits/men/9.jpg",
        "isAdmin": false,
        "username" : "dor_benda",
        "password" : "secret",
        "notifications":{
          "orders":[],
          "msgs":[]
        }
      },
      {
        "_id": "u110",
        "fullname": "Danny Roop",
        "imgUrl": "https://randomuser.me/api/portraits/men/10.jpg",
        "isAdmin": false,
        "username" : "donny_shovevani",
        "password" : "secret",
        "notifications":{
          "orders":[],
          "msgs":[]
        }
      },
      {
        "_id": "u111",
        "fullname": "Bruce Lorance",
        "imgUrl": "https://randomuser.me/api/portraits/men/11.jpg",
        "isAdmin": false,
        "username" : "bruci",
        "password" : "secret",
        "notifications":{
          "orders":[],
          "msgs":[]
        }
      },
      {
        "_id": "u112",
        "fullname": "Adam Neil",
        "imgUrl": "https://randomuser.me/api/portraits/men/12.jpg",
        "isAdmin": false,
        "username" : "NeilA",
        "password" : "secret",
        "notifications":{
          "orders":[],
          "msgs":[]
        }
      },
      {
        "_id": "u113",
        "fullname": "Daniel Zukerman",
        "imgUrl": "https://randomuser.me/api/portraits/men/13.jpg",
        "isAdmin": false,
        "username" : "DanielZuk",
        "password" : "secret",
        "notifications":{
          "orders":[],
          "msgs":[]
        }
      },
      {
        "_id": "u114",
        "fullname": "Daniel Zukerman",
        "imgUrl": "https://randomuser.me/api/portraits/men/14.jpg",
        "isAdmin": false,
        "username" : "DanielZuk",
        "password" : "secret",
        "notifications":{
          "orders":[],
          "msgs":[]
        }
      },
      {
        "_id": "u115",
        "fullname": "Josh Davidoff",
        "imgUrl": "https://randomuser.me/api/portraits/men/15.jpg",
        "isAdmin": false,
        "username" : "JoshDav",
        "password" : "secret",
        "notifications":{
          "orders":[],
          "msgs":[]
        }
      },
      {
        "_id": "u116",
        "fullname": "Tom Partush",
        "imgUrl": "https://randomuser.me/api/portraits/men/16.jpg",
        "isAdmin": false,
        "username" : "TomPartush",
        "password" : "secret",
        "notifications":{
          "orders":[],
          "msgs":[]
        }
      },
      {
        "_id": "u117",
        "fullname": "Adam Jenner",
        "imgUrl": "https://randomuser.me/api/portraits/men/17.jpg",
        "isAdmin": false,
        "username" : "adam",
        "password" : "secret",
        "notifications":{
          "orders":[],
          "msgs":[]
        }
    },
    {
      "_id": "u118",
      "fullname": "Nick Zinger",
      "imgUrl": "https://randomuser.me/api/portraits/men/18.jpg",
      "isAdmin": false,
      "username" : "nick",
      "password" : "secret",
      "notifications":{
        "orders":[],
        "msgs":[]
      }
    },
    {
        "_id": "u119",
        "fullname": "Robert Daniels",
        "imgUrl": "https://randomuser.me/api/portraits/men/19.jpg",
        "isAdmin": false,
        "username" : "rob",
        "password" : "secret",
        "notifications":{
          "orders":[],
          "msgs":[]
        }
      },
    {
        "_id": "u120",
        "fullname": "Asher Meir",
        "imgUrl": "https://randomuser.me/api/portraits/men/20.jpg",
        "isAdmin": false,
        "username" : "ash",
        "password" : "secret",
        "notifications":{
          "orders":[],
          "msgs":[]
        }
      },
    {
        "_id": "u121",
        "fullname": "Jeff Leon",
        "imgUrl": "https://randomuser.me/api/portraits/men/21.jpg",
        "isAdmin": false,
        "username" : "Leon90",
        "password" : "secret",
        "notifications":{
          "orders":[],
          "msgs":[]
        }
      },
    {
        "_id": "u122",
        "fullname": "Kent Towers",
        "imgUrl": "https://randomuser.me/api/portraits/men/22.jpg",
        "isAdmin": false,
        "username" : "kent",
        "password" : "secret",
        "notifications":{
          "orders":[],
          "msgs":[]
        }
      },
    {
        "_id": "u123",
        "fullname": "Oren Levi",
        "imgUrl": "https://randomuser.me/api/portraits/men/23.jpg",
        "isAdmin": false,
        "username" : "oren",
        "password" : "secret",
        "notifications":{
          "orders":[],
          "msgs":[]
        }
      },
      {
        "_id": "u124",
        "fullname": "Dan Koller",
        "imgUrl": "https://randomuser.me/api/portraits/men/24.jpg",
        "isAdmin": false,
        "username" : "dan",
        "password" : "secret",
        "notifications":{
          "orders":[],
          "msgs":[]
        }
      },
      {
        "_id": "u125",
        "fullname": "Donald York",
        "imgUrl": "https://randomuser.me/api/portraits/men/25.jpg",
        "isAdmin": false,
        "username" : "donald",
        "password" : "secret",
        "notifications":{
          "orders":[],
          "msgs":[]
        }
      },
      {
        "_id": "u126",
        "fullname": "Mika Feinberg",
        "imgUrl": "https://randomuser.me/api/portraits/men/26.jpg",
        "isAdmin": false,
        "username" : "mika",
        "password" : "secret",
        "notifications":{
          "orders":[],
          "msgs":[]
        }
      },
      {
        "_id": "u127",
        "fullname": "Eden Potter",
        "imgUrl": "https://randomuser.me/api/portraits/men/27.jpg",
        "isAdmin": false,
        "username" : "eden",
        "password" : "secret",
        "notifications":{
          "orders":[],
          "msgs":[]
        }
      },
      {
        "_id": "u128",
        "fullname": "Adam Lev",
        "imgUrl": "https://randomuser.me/api/portraits/men/28.jpg",
        "isAdmin": false,
        "username" : "lev",
        "password" : "secret",
        "notifications":{
          "orders":[],
          "msgs":[]
        }
      },
      {
        "_id": "u129",
        "fullname": "Ron Luxemburg",
        "imgUrl": "https://randomuser.me/api/portraits/men/29.jpg",
        "isAdmin": false,
        "username" : "lux",
        "password" : "secret",
        "notifications":{
          "orders":[],
          "msgs":[]
        }
      },
      {
        "_id": "u130",
        "fullname": "Richard Donner",
        "imgUrl": "https://randomuser.me/api/portraits/men/30.jpg",
        "isAdmin": false,
        "username" : "rich",
        "password" : "secret",
        "notifications":{
          "orders":[],
          "msgs":[]
        }
      },
      {
        "_id": "u131",
        "fullname": "Josh Ilish",
        "imgUrl": "https://randomuser.me/api/portraits/men/31.jpg",
        "isAdmin": false,
        "username" : "Josh",
        "password" : "secret",
        "notifications":{
          "orders":[],
          "msgs":[]
        }
      },
      {
        "_id": "u132",
        "fullname": "Tom Norris",
        "imgUrl": "https://randomuser.me/api/portraits/men/32.jpg",
        "isAdmin": false,
        "username" : "Tom",
        "password" : "secret",
        "notifications":{
          "orders":[],
          "msgs":[]
        } 
      },     
      {
        "_id": "u201",
        "fullname": "Amira Levi",
        "imgUrl": "https://randomuser.me/api/portraits/women/1.jpg",
        "isAdmin": false,
        "username" : "Amira",
        "password" : "secret",
        "notifications":{
          "orders":[],
          "msgs":[]
        }
    },
    {
      "_id": "u202",
      "fullname": "Sandra leaf",
      "imgUrl": "https://randomuser.me/api/portraits/women/2.jpg",
      "isAdmin": false,
      "username" : "Sandra",
      "password" : "secret",
      "notifications":{
        "orders":[],
        "msgs":[]
      }
    },
    {
        "_id": "u203",
        "fullname": "Jessica Dash",
        "imgUrl": "https://randomuser.me/api/portraits/women/3.jpg",
        "isAdmin": false,
        "username" : "jassi",
        "password" : "secret",
        "notifications":{
          "orders":[],
          "msgs":[]
        }
      },
    {
        "_id": "u204",
        "fullname": "Mali Ben-Dor",
        "imgUrl": "https://randomuser.me/api/portraits/women/4.jpg",
        "isAdmin": false,
        "username" : "bendo",
        "password" : "secret",
        "notifications":{
          "orders":[],
          "msgs":[]
        }
      },
    {
        "_id": "u205",
        "fullname": "Britney George",
        "imgUrl": "https://randomuser.me/api/portraits/women/5.jpg",
        "isAdmin": false,
        "username" : "brit",
        "password" : "secret",
        "notifications":{
          "orders":[],
          "msgs":[]
        }
      },
    {
        "_id": "u206",
        "fullname": "Kira Sanders",
        "imgUrl": "https://randomuser.me/api/portraits/women/6.jpg",
        "isAdmin": false,
        "username" : "kira",
        "password" : "secret",
        "notifications":{
          "orders":[],
          "msgs":[]
        }
      },
    {
        "_id": "u207",
        "fullname": "Ella Sun",
        "imgUrl": "https://randomuser.me/api/portraits/women/7.jpg",
        "isAdmin": false,
        "username" : "ella_sun",
        "password" : "secret",
        "notifications":{
          "orders":[],
          "msgs":[]
        }
      },
      {
        "_id": "u208",
        "fullname": "Kim Lash",
        "imgUrl": "https://randomuser.me/api/portraits/women/8.jpg",
        "isAdmin": false,
        "username" : "kim",
        "password" : "secret",
        "notifications":{
          "orders":[],
          "msgs":[]
        }
      },
      {
        "_id": "u209",
        "fullname": "Keily Nash",
        "imgUrl": "https://randomuser.me/api/portraits/women/9.jpg",
        "isAdmin": false,
        "username" : "nash",
        "password" : "secret",
        "notifications":{
          "orders":[],
          "msgs":[]
        }
      },
      {
        "_id": "u210",
        "fullname": "Lee Asher",
        "imgUrl": "https://randomuser.me/api/portraits/women/10.jpg",
        "isAdmin": false,
        "username" : "leAsh",
        "password" : "secret",
        "notifications":{
          "orders":[],
          "msgs":[]
        }
      },
      {
        "_id": "u211",
        "fullname": "Loren Jones",
        "imgUrl": "https://randomuser.me/api/portraits/women/11.jpg",
        "isAdmin": false,
        "username" : "jonsi",
        "password" : "secret",
        "notifications":{
          "orders":[],
          "msgs":[]
        }
      },
      {
        "_id": "u212",
        "fullname": "Sara Nadav",
        "imgUrl": "https://randomuser.me/api/portraits/women/12.jpg",
        "isAdmin": false,
        "username" : "Nadav",
        "password" : "secret",
        "notifications":{
          "orders":[],
          "msgs":[]
        }
      },
      {
        "_id": "u213",
        "fullname": "Nadia Zuker",
        "imgUrl": "https://randomuser.me/api/portraits/women/13.jpg",
        "isAdmin": false,
        "username" : "Zuk",
        "password" : "secret",
        "notifications":{
          "orders":[],
          "msgs":[]
        }
      },
      {
        "_id": "u214",
        "fullname": "Maxin Jin",
        "imgUrl": "https://randomuser.me/api/portraits/women/14.jpg",
        "isAdmin": false,
        "username" : "mx_jin",
        "password" : "secret",
        "notifications":{
          "orders":[],
          "msgs":[]
        }
      },
      {
        "_id": "u215",
        "fullname": "Roni Segal",
        "imgUrl": "https://randomuser.me/api/portraits/women/15.jpg",
        "isAdmin": false,
        "username" : "segal",
        "password" : "secret",
        "notifications":{
          "orders":[],
          "msgs":[]
        }
      },
      {
        "_id": "u216",
        "fullname": "Helen Sheperd",
        "imgUrl": "https://randomuser.me/api/portraits/women/16.jpg",
        "isAdmin": false,
        "username" : "helen",
        "password" : "secret",
        "notifications":{
          "orders":[],
          "msgs":[]
        }
      },
      {
        "_id": "u217",
        "fullname": "Rachel Levin",
        "imgUrl": "https://randomuser.me/api/portraits/women/17.jpg",
        "isAdmin": false,
        "username" : "rachel",
        "password" : "secret",
        "notifications":{
          "orders":[],
          "msgs":[]
        }
    },
    {
      "_id": "u218",
      "fullname": "Sandra Harris",
      "imgUrl": "https://randomuser.me/api/portraits/women/18.jpg",
      "isAdmin": false,
      "username" : "Sandra",
      "password" : "secret",
      "notifications":{
        "orders":[],
        "msgs":[]
      }
    },
    {
        "_id": "u219",
        "fullname": "Nora Jones",
        "imgUrl": "https://randomuser.me/api/portraits/women/19.jpg",
        "isAdmin": false,
        "username" : "jones",
        "password" : "secret",
        "notifications":{
          "orders":[],
          "msgs":[]
        }
      },
    {
        "_id": "u220",
        "fullname": "Helena Felix",
        "imgUrl": "https://randomuser.me/api/portraits/women/20.jpg",
        "isAdmin": false,
        "username" : "felix",
        "password" : "secret",
        "notifications":{
          "orders":[],
          "msgs":[]
        }
      },
    {
        "_id": "u221",
        "fullname": "Georgia Banner",
        "imgUrl": "https://randomuser.me/api/portraits/women/21.jpg",
        "isAdmin": false,
        "username" : "banner",
        "password" : "secret",
        "notifications":{
          "orders":[],
          "msgs":[]
        }
      },
    {
        "_id": "u222",
        "fullname": "Karina Omer",
        "imgUrl": "https://randomuser.me/api/portraits/women/22.jpg",
        "isAdmin": false,
        "username" : "karina",
        "password" : "secret",
        "notifications":{
          "orders":[],
          "msgs":[]
        }
      },
    {
        "_id": "u223",
        "fullname": "Doris Angel",
        "imgUrl": "https://randomuser.me/api/portraits/women/23.jpg",
        "isAdmin": false,
        "username" : "dor",
        "password" : "secret",
        "notifications":{
          "orders":[],
          "msgs":[]
        }
      },
      {
        "_id": "u224",
        "fullname": "Liya Drukman",
        "imgUrl": "https://randomuser.me/api/portraits/women/24.jpg",
        "isAdmin": false,
        "username" : "liya",
        "password" : "secret",
        "notifications":{
          "orders":[],
          "msgs":[]
        }
      },
      {
        "_id": "u225",
        "fullname": "Rita Meyer",
        "imgUrl": "https://randomuser.me/api/portraits/women/25.jpg",
        "isAdmin": false,
        "username" : "Rita",
        "password" : "secret",
        "notifications":{
          "orders":[],
          "msgs":[]
        }
      },
      {
        "_id": "u226",
        "fullname": "Suzan Dalal",
        "imgUrl": "https://randomuser.me/api/portraits/women/26.jpg",
        "isAdmin": false,
        "username" : "dalal",
        "password" : "secret",
        "notifications":{
          "orders":[],
          "msgs":[]
        }
      },
      {
        "_id": "u227",
        "fullname": "Lital Kaner",
        "imgUrl": "https://randomuser.me/api/portraits/women/27.jpg",
        "isAdmin": false,
        "username" : "lital",
        "password" : "secret",
        "notifications":{
          "orders":[],
          "msgs":[]
        }
      },
      {
        "_id": "u228",
        "fullname": "Talma Handler",
        "imgUrl": "https://randomuser.me/api/portraits/women/28.jpg",
        "isAdmin": false,
        "username" : "talma",
        "password" : "secret",
        "notifications":{
          "orders":[],
          "msgs":[]
        }
      },
      {
        "_id": "u229",
        "fullname": "Alisa Robins",
        "imgUrl": "https://randomuser.me/api/portraits/women/29.jpg",
        "isAdmin": false,
        "username" : "alis",
        "password" : "secret",
        "notifications":{
          "orders":[],
          "msgs":[]
        }
      },
      {
        "_id": "u230",
        "fullname": "Lilian Erik",
        "imgUrl": "https://randomuser.me/api/portraits/women/30.jpg",
        "isAdmin": false,
        "username" : "lil",
        "password" : "secret",
        "notifications":{
          "orders":[],
          "msgs":[]
        }
      },
      {
        "_id": "u231",
        "fullname": "Orsula Baker",
        "imgUrl": "https://randomuser.me/api/portraits/women/31.jpg",
        "isAdmin": false,
        "username" : "ors",
        "password" : "secret",
        "notifications":{
          "orders":[],
          "msgs":[]
        }
      },
      {
        "_id": "u232",
        "fullname": "Kris Karel",
        "imgUrl": "https://randomuser.me/api/portraits/women/32.jpg",
        "isAdmin": false,
        "username" : "kris",
        "password" : "secret",
        "notifications":{
          "orders":[],
          "msgs":[]
        }
      }
    ]  
}