[
    {
      "fullname": "Mor Levi",
      "imgUrl": "https://randomuser.me/api/portraits/men/1.jpg",
      "isAdmin": false,
      "username" : "mor97",
      "password" : "secret",
      "notifications":{
        "orders":[],
        "msgs":[]
      }
  },
  {
    "fullname": "Nicolas Roho",
    "imgUrl": "https://randomuser.me/api/portraits/men/2.jpg",
    "isAdmin": false,
    "username" : "nicoR",
    "password" : "secret",
    "notifications":{
      "orders":[],
      "msgs":[]
    }
  },
  {
      "fullname": "Jack Daniel",
      "imgUrl": "https://randomuser.me/api/portraits/men/3.jpg",
      "isAdmin": false,
      "username" : "jack1987",
      "password" : "secret",
      "notifications":{
        "orders":[],
        "msgs":[]
      }
    },
  {
      "fullname": "Adi Ben David",
      "imgUrl": "https://randomuser.me/api/portraits/men/4.jpg",
      "isAdmin": false,
      "username" : "adi_benda",
      "password" : "secret",
      "notifications":{
        "orders":[],
        "msgs":[]
      }
    },
  {
      "fullname": "John Lenon",
      "imgUrl": "https://randomuser.me/api/portraits/men/5.jpg",
      "isAdmin": false,
      "username" : "johnLen90",
      "password" : "secret",
      "notifications":{
        "orders":[],
        "msgs":[]
      }
    },
  {
      "fullname": "Adam Kolt",
      "imgUrl": "https://randomuser.me/api/portraits/men/6.jpg",
      "isAdmin": false,
      "username" : "aKolt",
      "password" : "secret",
      "notifications":{
        "orders":[],
        "msgs":[]
      }
    },
  {
      "fullname": "Chan Mi Sun",
      "imgUrl": "https://randomuser.me/api/portraits/men/7.jpg",
      "isAdmin": false,
      "username" : "chan_sun",
      "password" : "secret",
      "notifications":{
        "orders":[],
        "msgs":[]
      }
    },
    {
      "fullname": "Davit Pok",
      "imgUrl": "https://randomuser.me/api/portraits/men/8.jpg",
      "isAdmin": false,
      "username" : "david_Pok",
      "password" : "secret",
      "notifications":{
        "orders":[],
        "msgs":[]
      }
    },
    {
      "fullname": "Dor Ben David",
      "imgUrl": "https://randomuser.me/api/portraits/men/9.jpg",
      "isAdmin": false,
      "username" : "dor_benda",
      "password" : "secret",
      "notifications":{
        "orders":[],
        "msgs":[]
      }
    },
    {
      "fullname": "Danny Roop",
      "imgUrl": "https://randomuser.me/api/portraits/men/10.jpg",
      "isAdmin": false,
      "username" : "donny_shovevani",
      "password" : "secret",
      "notifications":{
        "orders":[],
        "msgs":[]
      }
    },
    {
      "fullname": "Bruce Lorance",
      "imgUrl": "https://randomuser.me/api/portraits/men/11.jpg",
      "isAdmin": false,
      "username" : "bruci",
      "password" : "secret",
      "notifications":{
        "orders":[],
        "msgs":[]
      }
    },
    {
      "fullname": "Adam Neil",
      "imgUrl": "https://randomuser.me/api/portraits/men/12.jpg",
      "isAdmin": false,
      "username" : "NeilA",
      "password" : "secret",
      "notifications":{
        "orders":[],
        "msgs":[]
      }
    },
    {
      "fullname": "Daniel Zukerman",
      "imgUrl": "https://randomuser.me/api/portraits/men/13.jpg",
      "isAdmin": false,
      "username" : "DanielZuk",
      "password" : "secret",
      "notifications":{
        "orders":[],
        "msgs":[]
      }
    },
    {
      "fullname": "Daniel Zukerman",
      "imgUrl": "https://randomuser.me/api/portraits/men/14.jpg",
      "isAdmin": false,
      "username" : "DanielZuk",
      "password" : "secret",
      "notifications":{
        "orders":[],
        "msgs":[]
      }
    },
    {
      "fullname": "Josh Davidoff",
      "imgUrl": "https://randomuser.me/api/portraits/men/15.jpg",
      "isAdmin": false,
      "username" : "JoshDav",
      "password" : "secret",
      "notifications":{
        "orders":[],
        "msgs":[]
      }
    },
    {
      "fullname": "Tom Partush",
      "imgUrl": "https://randomuser.me/api/portraits/men/16.jpg",
      "isAdmin": false,
      "username" : "TomPartush",
      "password" : "secret",
      "notifications":{
        "orders":[],
        "msgs":[]
      }
    },
    {
      "fullname": "Adam Jenner",
      "imgUrl": "https://randomuser.me/api/portraits/men/17.jpg",
      "isAdmin": false,
      "username" : "adam",
      "password" : "secret",
      "notifications":{
        "orders":[],
        "msgs":[]
      }
  },
  {
    "fullname": "Nick Zinger",
    "imgUrl": "https://randomuser.me/api/portraits/men/18.jpg",
    "isAdmin": false,
    "username" : "nick",
    "password" : "secret",
    "notifications":{
      "orders":[],
      "msgs":[]
    }
  },
  {
      "fullname": "Robert Daniels",
      "imgUrl": "https://randomuser.me/api/portraits/men/19.jpg",
      "isAdmin": false,
      "username" : "rob",
      "password" : "secret",
      "notifications":{
        "orders":[],
        "msgs":[]
      }
    },
  {
      "fullname": "Asher Meir",
      "imgUrl": "https://randomuser.me/api/portraits/men/20.jpg",
      "isAdmin": false,
      "username" : "ash",
      "password" : "secret",
      "notifications":{
        "orders":[],
        "msgs":[]
      }
    },
  {
      "fullname": "Jeff Leon",
      "imgUrl": "https://randomuser.me/api/portraits/men/21.jpg",
      "isAdmin": false,
      "username" : "Leon90",
      "password" : "secret",
      "notifications":{
        "orders":[],
        "msgs":[]
      }
    },
  {
      "fullname": "Kent Towers",
      "imgUrl": "https://randomuser.me/api/portraits/men/22.jpg",
      "isAdmin": false,
      "username" : "kent",
      "password" : "secret",
      "notifications":{
        "orders":[],
        "msgs":[]
      }
    },
  {
      "fullname": "Oren Levi",
      "imgUrl": "https://randomuser.me/api/portraits/men/23.jpg",
      "isAdmin": false,
      "username" : "oren",
      "password" : "secret",
      "notifications":{
        "orders":[],
        "msgs":[]
      }
    },
    {
      "fullname": "Dan Koller",
      "imgUrl": "https://randomuser.me/api/portraits/men/24.jpg",
      "isAdmin": false,
      "username" : "dan",
      "password" : "secret",
      "notifications":{
        "orders":[],
        "msgs":[]
      }
    },
    {
      "fullname": "Donald York",
      "imgUrl": "https://randomuser.me/api/portraits/men/25.jpg",
      "isAdmin": false,
      "username" : "donald",
      "password" : "secret",
      "notifications":{
        "orders":[],
        "msgs":[]
      }
    },
    {
      "fullname": "Mika Feinberg",
      "imgUrl": "https://randomuser.me/api/portraits/men/26.jpg",
      "isAdmin": false,
      "username" : "mika",
      "password" : "secret",
      "notifications":{
        "orders":[],
        "msgs":[]
      }
    },
    {
      "fullname": "Eden Potter",
      "imgUrl": "https://randomuser.me/api/portraits/men/27.jpg",
      "isAdmin": false,
      "username" : "eden",
      "password" : "secret",
      "notifications":{
        "orders":[],
        "msgs":[]
      }
    },
    {
      "fullname": "Adam Lev",
      "imgUrl": "https://randomuser.me/api/portraits/men/28.jpg",
      "isAdmin": false,
      "username" : "lev",
      "password" : "secret",
      "notifications":{
        "orders":[],
        "msgs":[]
      }
    },
    {
      "fullname": "Ron Luxemburg",
      "imgUrl": "https://randomuser.me/api/portraits/men/29.jpg",
      "isAdmin": false,
      "username" : "lux",
      "password" : "secret",
      "notifications":{
        "orders":[],
        "msgs":[]
      }
    },
    {
      "fullname": "Richard Donner",
      "imgUrl": "https://randomuser.me/api/portraits/men/30.jpg",
      "isAdmin": false,
      "username" : "rich",
      "password" : "secret",
      "notifications":{
        "orders":[],
        "msgs":[]
      }
    },
    {
      "fullname": "Josh Ilish",
      "imgUrl": "https://randomuser.me/api/portraits/men/31.jpg",
      "isAdmin": false,
      "username" : "Josh",
      "password" : "secret",
      "notifications":{
        "orders":[],
        "msgs":[]
      }
    },
    {
      "fullname": "Tom Norris",
      "imgUrl": "https://randomuser.me/api/portraits/men/32.jpg",
      "isAdmin": false,
      "username" : "Tom",
      "password" : "secret",
      "notifications":{
        "orders":[],
        "msgs":[]
      } 
    },     
    {
      "fullname": "Amira Levi",
      "imgUrl": "https://randomuser.me/api/portraits/women/1.jpg",
      "isAdmin": false,
      "username" : "Amira",
      "password" : "secret",
      "notifications":{
        "orders":[],
        "msgs":[]
      }
  },
  {
    "fullname": "Sandra leaf",
    "imgUrl": "https://randomuser.me/api/portraits/women/2.jpg",
    "isAdmin": false,
    "username" : "Sandra",
    "password" : "secret",
    "notifications":{
      "orders":[],
      "msgs":[]
    }
  },
  {
      "fullname": "Jessica Dash",
      "imgUrl": "https://randomuser.me/api/portraits/women/3.jpg",
      "isAdmin": false,
      "username" : "jassi",
      "password" : "secret",
      "notifications":{
        "orders":[],
        "msgs":[]
      }
    },
  {
      "fullname": "Mali Ben-Dor",
      "imgUrl": "https://randomuser.me/api/portraits/women/4.jpg",
      "isAdmin": false,
      "username" : "bendo",
      "password" : "secret",
      "notifications":{
        "orders":[],
        "msgs":[]
      }
    },
  {
      "fullname": "Britney George",
      "imgUrl": "https://randomuser.me/api/portraits/women/5.jpg",
      "isAdmin": false,
      "username" : "brit",
      "password" : "secret",
      "notifications":{
        "orders":[],
        "msgs":[]
      }
    },
  {
      "fullname": "Kira Sanders",
      "imgUrl": "https://randomuser.me/api/portraits/women/6.jpg",
      "isAdmin": false,
      "username" : "kira",
      "password" : "secret",
      "notifications":{
        "orders":[],
        "msgs":[]
      }
    },
  {
      "fullname": "Ella Sun",
      "imgUrl": "https://randomuser.me/api/portraits/women/7.jpg",
      "isAdmin": false,
      "username" : "ella_sun",
      "password" : "secret",
      "notifications":{
        "orders":[],
        "msgs":[]
      }
    },
    {
      "fullname": "Kim Lash",
      "imgUrl": "https://randomuser.me/api/portraits/women/8.jpg",
      "isAdmin": false,
      "username" : "kim",
      "password" : "secret",
      "notifications":{
        "orders":[],
        "msgs":[]
      }
    },
    {
      "fullname": "Keily Nash",
      "imgUrl": "https://randomuser.me/api/portraits/women/9.jpg",
      "isAdmin": false,
      "username" : "nash",
      "password" : "secret",
      "notifications":{
        "orders":[],
        "msgs":[]
      }
    },
    {
      "fullname": "Lee Asher",
      "imgUrl": "https://randomuser.me/api/portraits/women/10.jpg",
      "isAdmin": false,
      "username" : "leAsh",
      "password" : "secret",
      "notifications":{
        "orders":[],
        "msgs":[]
      }
    },
    {
      "fullname": "Loren Jones",
      "imgUrl": "https://randomuser.me/api/portraits/women/11.jpg",
      "isAdmin": false,
      "username" : "jonsi",
      "password" : "secret",
      "notifications":{
        "orders":[],
        "msgs":[]
      }
    },
    {
      "fullname": "Sara Nadav",
      "imgUrl": "https://randomuser.me/api/portraits/women/12.jpg",
      "isAdmin": false,
      "username" : "Nadav",
      "password" : "secret",
      "notifications":{
        "orders":[],
        "msgs":[]
      }
    },
    {
      "fullname": "Nadia Zuker",
      "imgUrl": "https://randomuser.me/api/portraits/women/13.jpg",
      "isAdmin": false,
      "username" : "Zuk",
      "password" : "secret",
      "notifications":{
        "orders":[],
        "msgs":[]
      }
    },
    {
      "fullname": "Maxin Jin",
      "imgUrl": "https://randomuser.me/api/portraits/women/14.jpg",
      "isAdmin": false,
      "username" : "mx_jin",
      "password" : "secret",
      "notifications":{
        "orders":[],
        "msgs":[]
      }
    },
    {
      "fullname": "Roni Segal",
      "imgUrl": "https://randomuser.me/api/portraits/women/15.jpg",
      "isAdmin": false,
      "username" : "segal",
      "password" : "secret",
      "notifications":{
        "orders":[],
        "msgs":[]
      }
    },
    {
      "fullname": "Helen Sheperd",
      "imgUrl": "https://randomuser.me/api/portraits/women/16.jpg",
      "isAdmin": false,
      "username" : "helen",
      "password" : "secret",
      "notifications":{
        "orders":[],
        "msgs":[]
      }
    },
    {
      "fullname": "Rachel Levin",
      "imgUrl": "https://randomuser.me/api/portraits/women/17.jpg",
      "isAdmin": false,
      "username" : "rachel",
      "password" : "secret",
      "notifications":{
        "orders":[],
        "msgs":[]
      }
  },
  {
    "fullname": "Sandra Harris",
    "imgUrl": "https://randomuser.me/api/portraits/women/18.jpg",
    "isAdmin": false,
    "username" : "Sandra",
    "password" : "secret",
    "notifications":{
      "orders":[],
      "msgs":[]
    }
  },
  {
      "fullname": "Nora Jones",
      "imgUrl": "https://randomuser.me/api/portraits/women/19.jpg",
      "isAdmin": false,
      "username" : "jones",
      "password" : "secret",
      "notifications":{
        "orders":[],
        "msgs":[]
      }
    },
  {
      "fullname": "Helena Felix",
      "imgUrl": "https://randomuser.me/api/portraits/women/20.jpg",
      "isAdmin": false,
      "username" : "felix",
      "password" : "secret",
      "notifications":{
        "orders":[],
        "msgs":[]
      }
    },
  {
      "fullname": "Georgia Banner",
      "imgUrl": "https://randomuser.me/api/portraits/women/21.jpg",
      "isAdmin": false,
      "username" : "banner",
      "password" : "secret",
      "notifications":{
        "orders":[],
        "msgs":[]
      }
    },
  {
      "fullname": "Karina Omer",
      "imgUrl": "https://randomuser.me/api/portraits/women/22.jpg",
      "isAdmin": false,
      "username" : "karina",
      "password" : "secret",
      "notifications":{
        "orders":[],
        "msgs":[]
      }
    },
  {
      "fullname": "Doris Angel",
      "imgUrl": "https://randomuser.me/api/portraits/women/23.jpg",
      "isAdmin": false,
      "username" : "dor",
      "password" : "secret",
      "notifications":{
        "orders":[],
        "msgs":[]
      }
    },
    {
      "fullname": "Liya Drukman",
      "imgUrl": "https://randomuser.me/api/portraits/women/24.jpg",
      "isAdmin": false,
      "username" : "liya",
      "password" : "secret",
      "notifications":{
        "orders":[],
        "msgs":[]
      }
    },
    {
      "fullname": "Rita Meyer",
      "imgUrl": "https://randomuser.me/api/portraits/women/25.jpg",
      "isAdmin": false,
      "username" : "Rita",
      "password" : "secret",
      "notifications":{
        "orders":[],
        "msgs":[]
      }
    },
    {
      "fullname": "Suzan Dalal",
      "imgUrl": "https://randomuser.me/api/portraits/women/26.jpg",
      "isAdmin": false,
      "username" : "dalal",
      "password" : "secret",
      "notifications":{
        "orders":[],
        "msgs":[]
      }
    },
    {
      "fullname": "Lital Kaner",
      "imgUrl": "https://randomuser.me/api/portraits/women/27.jpg",
      "isAdmin": false,
      "username" : "lital",
      "password" : "secret",
      "notifications":{
        "orders":[],
        "msgs":[]
      }
    },
    {
      "fullname": "Talma Handler",
      "imgUrl": "https://randomuser.me/api/portraits/women/28.jpg",
      "isAdmin": false,
      "username" : "talma",
      "password" : "secret",
      "notifications":{
        "orders":[],
        "msgs":[]
      }
    },
    {
      "fullname": "Alisa Robins",
      "imgUrl": "https://randomuser.me/api/portraits/women/29.jpg",
      "isAdmin": false,
      "username" : "alis",
      "password" : "secret",
      "notifications":{
        "orders":[],
        "msgs":[]
      }
    },
    {
      "fullname": "Lilian Erik",
      "imgUrl": "https://randomuser.me/api/portraits/women/30.jpg",
      "isAdmin": false,
      "username" : "lil",
      "password" : "secret",
      "notifications":{
        "orders":[],
        "msgs":[]
      }
    },
    {
      "fullname": "Orsula Baker",
      "imgUrl": "https://randomuser.me/api/portraits/women/31.jpg",
      "isAdmin": false,
      "username" : "ors",
      "password" : "secret",
      "notifications":{
        "orders":[],
        "msgs":[]
      }
    },
    {
      "fullname": "Kris Karel",
      "imgUrl": "https://randomuser.me/api/portraits/women/32.jpg",
      "isAdmin": false,
      "username" : "kris",
      "password" : "secret",
      "notifications":{
        "orders":[],
        "msgs":[]
      }
    }
  ]  